TimeStamp,Demand
2017-02-11 23:59:00,13
2017-02-12 00:04:00,13
2017-02-12 00:09:00,13
2017-02-12 00:14:00,13
2017-02-12 00:19:00,13
2017-02-12 00:24:00,13
2017-02-12 00:29:00,13
2017-02-12 00:34:00,13
2017-02-12 00:39:00,13
2017-02-12 00:44:00,12
2017-02-12 00:49:00,12
2017-02-12 00:54:00,13
2017-02-12 00:59:00,13
2017-02-12 01:04:00,13
2017-02-12 01:09:00,12
2017-02-12 01:14:00,13
2017-02-12 01:19:00,13
2017-02-12 01:24:00,13
2017-02-12 01:29:00,12
2017-02-12 01:34:00,12
2017-02-12 01:39:00,13
2017-02-12 01:44:00,13
2017-02-12 01:49:00,13
2017-02-12 01:54:00,13
2017-02-12 01:59:00,13
2017-02-12 02:04:00,12
2017-02-12 02:09:00,13
2017-02-12 02:14:00,13
2017-02-12 02:19:00,12
2017-02-12 02:24:00,12
2017-02-12 02:29:00,13
2017-02-12 02:34:00,12
2017-02-12 02:39:00,13
2017-02-12 02:44:00,13
2017-02-12 02:49:00,12
2017-02-12 02:54:00,12
2017-02-12 02:59:00,12
2017-02-12 03:04:00,14
2017-02-12 03:09:00,17
2017-02-12 03:14:00,18
2017-02-12 03:19:00,18
2017-02-12 03:24:00,17
2017-02-12 03:29:00,19
2017-02-12 03:34:00,20
2017-02-12 03:39:00,18
2017-02-12 03:44:00,18
2017-02-12 03:49:00,18
2017-02-12 03:54:00,18
2017-02-12 03:59:00,20
2017-02-12 04:04:00,19
2017-02-12 04:09:00,27
2017-02-12 04:14:00,25
2017-02-12 04:19:00,25
2017-02-12 04:24:00,20
2017-02-12 04:29:00,21
2017-02-12 04:34:00,23
2017-02-12 04:39:00,23
2017-02-12 04:44:00,27
2017-02-12 04:49:00,27
2017-02-12 04:54:00,37
2017-02-12 04:59:00,25
2017-02-12 05:04:00,26
2017-02-12 05:09:00,29
2017-02-12 05:14:00,31
2017-02-12 05:19:00,31
2017-02-12 05:24:00,31
2017-02-12 05:29:00,30
2017-02-12 05:34:00,29
2017-02-12 05:39:00,29
2017-02-12 05:44:00,28
2017-02-12 05:49:00,29
2017-02-12 05:54:00,27
2017-02-12 05:59:00,28
2017-02-12 06:04:00,28
2017-02-12 06:09:00,30
2017-02-12 06:14:00,30
2017-02-12 06:19:00,29
2017-02-12 06:24:00,28
2017-02-12 06:29:00,28
2017-02-12 06:34:00,28
2017-02-12 06:39:00,27
2017-02-12 06:44:00,28
2017-02-12 06:49:00,28
2017-02-12 06:54:00,28
2017-02-12 06:59:00,29
2017-02-12 07:04:00,28
2017-02-12 07:09:00,28
2017-02-12 07:14:00,28
2017-02-12 07:19:00,28
2017-02-12 07:24:00,29
2017-02-12 07:29:00,28
2017-02-12 07:34:00,28
2017-02-12 07:39:00,29
2017-02-12 07:44:00,27
2017-02-12 07:49:00,25
2017-02-12 07:54:00,29
2017-02-12 07:59:00,27
2017-02-12 08:04:00,25
2017-02-12 08:09:00,25
2017-02-12 08:14:00,25
2017-02-12 08:19:00,24
2017-02-12 08:24:00,23
2017-02-12 08:29:00,22
2017-02-12 08:34:00,24
2017-02-12 08:39:00,27
2017-02-12 08:44:00,37
2017-02-12 08:49:00,44
2017-02-12 08:54:00,45
2017-02-12 08:59:00,45
2017-02-12 09:04:00,35
2017-02-12 09:09:00,31
2017-02-12 09:14:00,28
2017-02-12 09:19:00,27
2017-02-12 09:24:00,23
2017-02-12 09:29:00,28
2017-02-12 09:34:00,27
2017-02-12 09:39:00,24
2017-02-12 09:44:00,17
2017-02-12 09:49:00,16
2017-02-12 09:54:00,17
2017-02-12 09:59:00,16
2017-02-12 10:04:00,13
2017-02-12 10:09:00,23
2017-02-12 10:14:00,32
2017-02-12 10:19:00,28
2017-02-12 10:24:00,18
2017-02-12 10:29:00,12
2017-02-12 10:34:00,12
2017-02-12 10:39:00,13
2017-02-12 10:44:00,25
2017-02-12 10:49:00,15
2017-02-12 10:54:00,14
2017-02-12 10:59:00,12
2017-02-12 11:04:00,12
2017-02-12 11:09:00,15
2017-02-12 11:14:00,14
2017-02-12 11:19:00,13
2017-02-12 11:24:00,11
2017-02-12 11:29:00,17
2017-02-12 11:34:00,12
2017-02-12 11:39:00,13
2017-02-12 11:44:00,19
2017-02-12 11:49:00,11
2017-02-12 11:54:00,12
2017-02-12 11:59:00,12
2017-02-12 12:04:00,14
2017-02-12 12:09:00,19
2017-02-12 12:14:00,18
2017-02-12 12:19:00,17
2017-02-12 12:24:00,21
2017-02-12 12:29:00,19
2017-02-12 12:34:00,18
2017-02-12 12:39:00,16
2017-02-12 12:44:00,16
2017-02-12 12:49:00,22
2017-02-12 12:54:00,26
2017-02-12 12:59:00,25
2017-02-12 13:04:00,20
2017-02-12 13:09:00,19
2017-02-12 13:14:00,13
2017-02-12 13:19:00,13
2017-02-12 13:24:00,13
2017-02-12 13:29:00,14
2017-02-12 13:34:00,16
2017-02-12 13:39:00,16
2017-02-12 13:44:00,17
2017-02-12 13:49:00,15
2017-02-12 13:54:00,17
2017-02-12 13:59:00,17
2017-02-12 14:04:00,18
2017-02-12 14:09:00,15
2017-02-12 14:14:00,15
2017-02-12 14:19:00,18
2017-02-12 14:24:00,17
2017-02-12 14:29:00,20
2017-02-12 14:34:00,18
2017-02-12 14:39:00,17
2017-02-12 14:44:00,19
2017-02-12 14:49:00,28
2017-02-12 14:54:00,25
2017-02-12 14:59:00,24
2017-02-12 15:04:00,26
2017-02-12 15:09:00,24
2017-02-12 15:14:00,27
2017-02-12 15:19:00,27
2017-02-12 15:24:00,26
2017-02-12 15:29:00,28
2017-02-12 15:34:00,31
2017-02-12 15:39:00,30
2017-02-12 15:44:00,30
2017-02-12 15:49:00,32
2017-02-12 15:54:00,30
2017-02-12 15:59:00,33
2017-02-12 16:04:00,35
2017-02-12 16:09:00,36
2017-02-12 16:14:00,39
2017-02-12 16:19:00,39
2017-02-12 16:24:00,51
2017-02-12 16:29:00,39
2017-02-12 16:34:00,41
2017-02-12 16:39:00,42
2017-02-12 16:44:00,42
2017-02-12 16:49:00,44
2017-02-12 16:54:00,45
2017-02-12 16:59:00,47
2017-02-12 17:04:00,35
2017-02-12 17:09:00,40
2017-02-12 17:14:00,38
2017-02-12 17:19:00,40
2017-02-12 17:24:00,37
2017-02-12 17:29:00,39
2017-02-12 17:34:00,39
2017-02-12 17:39:00,35
2017-02-12 17:44:00,32
2017-02-12 17:49:00,32
2017-02-12 17:54:00,31
2017-02-12 17:59:00,37
2017-02-12 18:04:00,31
2017-02-12 18:09:00,32
2017-02-12 18:14:00,33
2017-02-12 18:19:00,31
2017-02-12 18:24:00,32
2017-02-12 18:29:00,34
2017-02-12 18:34:00,30
2017-02-12 18:39:00,30
2017-02-12 18:44:00,30
2017-02-12 18:49:00,31
2017-02-12 18:54:00,30
2017-02-12 18:59:00,32
2017-02-12 19:04:00,31
2017-02-12 19:09:00,30
2017-02-12 19:14:00,30
2017-02-12 19:19:00,31
2017-02-12 19:24:00,29
2017-02-12 19:29:00,28
2017-02-12 19:34:00,38
2017-02-12 19:39:00,38
2017-02-12 19:44:00,39
2017-02-12 19:49:00,37
2017-02-12 19:54:00,38
2017-02-12 19:59:00,38
2017-02-12 20:04:00,38
2017-02-12 20:09:00,37
2017-02-12 20:14:00,19
2017-02-12 20:19:00,17
2017-02-12 20:24:00,19
2017-02-12 20:29:00,18
2017-02-12 20:34:00,18
2017-02-12 20:39:00,18
2017-02-12 20:44:00,18
2017-02-12 20:49:00,19
2017-02-12 20:54:00,18
2017-02-12 20:59:00,19
2017-02-12 21:04:00,18
2017-02-12 21:09:00,19
2017-02-12 21:14:00,20
2017-02-12 21:19:00,19
2017-02-12 21:24:00,18
2017-02-12 21:29:00,17
2017-02-12 21:34:00,19
2017-02-12 21:39:00,19
2017-02-12 21:44:00,18
2017-02-12 21:49:00,18
2017-02-12 21:54:00,19
2017-02-12 21:59:00,19
2017-02-12 22:04:00,19
2017-02-12 22:09:00,20
2017-02-12 22:14:00,17
2017-02-12 22:19:00,31
2017-02-12 22:24:00,30
2017-02-12 22:29:00,19
2017-02-12 22:34:00,14
2017-02-12 22:39:00,14
2017-02-12 22:44:00,15
2017-02-12 22:49:00,13
2017-02-12 22:54:00,14
2017-02-12 22:59:00,14
2017-02-12 23:04:00,14
2017-02-12 23:09:00,14
2017-02-12 23:14:00,13
2017-02-12 23:19:00,12
2017-02-12 23:24:00,13
2017-02-12 23:29:00,13
2017-02-12 23:34:00,12
2017-02-12 23:39:00,13
2017-02-12 23:44:00,13
2017-02-12 23:49:00,13
2017-02-12 23:54:00,13
2017-02-12 23:59:00,13
